ACURA,ILX,5
ACURA,INT,2
ACURA,MDX,3
ACURA,RDX,2
ACURA,RL,6
ACURA,RLX,6
ACURA,RSX,6
ACURA,TL,6
ACURA,TLX,3
ACURA,TSX,6
ACURA,ZDX,6
ALFA ROMEO,6
ASTON, MARTIN,6
AUDI,A3,7
AUDI,A-3,7
AUDI,A4,7
AUDI,A5,7
AUDI,A6,7
AUDI,A7,7
AUDI,A8,6
AUDI,ALLROAD,7
AUDI,E-TRON,9
AUDI,SQ,6
AUDI,Q3,7
AUDI,Q5,7
AUDI,Q7,7
AUDI,Q8,7
AUDI,R8,6
AUDI,RS3,6
AUDI,RS4,6
AUDI,RS5,6
AUDI,RS 5,6
AUDI,RS7,6
AUDI,RS 7,6
AUDI,S3,7
AUDI,S4,7
AUDI,S5,7
AUDI,S6,7
AUDI,S7,6
AUDI,S8,6
AUDI,TTS,6
AUDI,TT,6
BENT,,6
BMW,1,7
BMW,2,7
BMW,3,7
BMW,3,7
BMW,4,7
BMW,5,7
BMW,6,6
BMW,6,6
BMW,7,6
BMW,8,6
BMW,ALP,6
BMW,I3,6
BMW,I8,6
BMW,X1,7
BMW,X2,7
BMW,X3,7
BMW,X4,7
BMW,X5,7
BMW,X6,6
BMW,X7,6
BMW,Z,6
BMW,M,6
BUICK,CASC,6
BUICK,ENCL,4
BUICK,ENCO,3
BUICK,ENVI,4
BUICK,LESAB,6
BUICK,LUCE,4
BUICK,PARK,6
BUICK,REGAL,5
BUICK,RENDEZ,6
BUICK,LACR,4
BUICK,VERANO,5
CADI,ATS,4
CADI,CT4,4
CADI,CT5,4
CADI,CT6,4
CADI,CTS,5
CADI,DEV,6
CADI,DTS,5
CADI,ELD,6
CADI,ELR,6
CADI,ESC,1
CADI,SRX,5
CADI,SEVI,6
CADI,STS,6
CADI,XLR,6
CADI,XT4,4
CADI,XT5,3
CADI,XT6,4
CADI,XTS,5
CHEV,*SP,4
CHEV,AVAL,6
CHEV,AVEO,6
CHEV,CAPT,6
CHEV,CAPR,5
CHEV,BLAZ,2
CHEV,BOLT,9
CHEV,CAM,4
CHEV,CORV,6
CHEV,COBA,6
CHEV,COLO,1
CHEV,CRUZ,5
CHEV,CRUZE LIMITED,5
CHEV,EQUI,3
CHEV,SILV,1
CHEV,EXPRESS,8
CHEV,EXPRESS CARGO,8
CHEV,CITY,8
CHEV,G15,8
CHEV,G25,8
CHEV,G35,8
CHEV,HHR,6
CHEV,HIGH CUBE,8
CHEV,IMP,5
CHEV,IMPALA L,5
CHEV,MAL,4
CHEV,MALIBU L,4
CHEV,MONTE,5
CHEV,C/K 1500,1
CHEV,C/K 2500,8
CHEV,C/K 3500,8
CHEV,K2500,8
CHEV,1500,1
CHEV,2500,8
CHEV,C15,1
CHEV,C25,8
CHEV,C35,8
CHEV,2500 HD,8
CHEV,NEW TAHOE,1
CHEV,MEDIUM DUTY,8
CHEV,CHEVY VAN,8
CHEV,G10 VAN,8
CHEV,CONV VAN,8
CHEV,CONV VAN,8
CHEV,S10,3
CHEV,S-10,3
CHEV,SILVERADO 25,8
CHEV,SILVERADO 35,8
CHEV,SILVERADO C1,1
CHEV,SILVERADO C2,8
CHEV,SILVERADO C3,8
CHEV,SILVERADO CLASSIC 15,1
CHEV,SILVERADO CLASSIC 25,8
CHEV,SILVERADO CLASSIC 35,8
CHEV,SILVERADO EX,1
CHEV,SILVERADO K1,1
CHEV,SIVERADO 15,1
CHEV,SONI,6
CHEV,SPAR,6
CHEV,SS,4
CHEV,SSR,6
CHEV,SUBURB,1
CHEV,TAHO,1
CHEV,TRAILB,6
CHEV,TRAVERS,3
CHEV,TRAX,3
CHEV,VOLT,9
CHRYS,200,6
CHRYS,300,5
CHRYS,ASP,5
CHRYS,CROSS,6
CHRYS,PAC,3
CHRYS,PT,6
CHRYS,COUNTRY,3
CHRYS,TOW,6
CHRYS,SEBR,6
CHRYS,VOYA,4
DODGE,AVEN,6
DODGE,CALIB,5
DODGE,CARAV,5
DODGE,CHALL,5
DODGE,CHARG,5
DODGE,DART,6
DODGE,DAKOT,5
DODGE,DURAN,3
DODGE,GRAND,6
DODGE,JOURN,3
DODGE,HORNET,3
DODGE,MAGN,6
DODGE,NITRO,6
DODGE,PROM,8
DODGE,RAM,1
DODGE,RAM PI,1
DODGE,RAM CH,1
DODGE,RAM SR,1
DODGE,RAM150,1
DODGE,RAM 15,1
DODGE,RAM 25,8
DODGE,RAM 35,8
DODGE,RAM 55,6
DODGE,1500,1
DODGE,2500,8
DODGE,3500,8
DODGE,5500,6
DODGE,RAM VAN 15,8
DODGE,RAM VAN 25,8
DODGE,RAM VAN 35,8
DODGE,RAM CARGO VAN-V6,8
DODGE,RAM VAN,8
DODGE,PROMASTER,8
DODGE,CARGO VAN,8
DODGE,SPRINTER,8
DODGE,TRADES,8
DODGE,VIPER,6
FERR,6
FIAT,500,5
FIAT,500L,5
FIAT,500X,5
FIAT,124,6
FISKER,6
FORD,BRONCO,1
FORD,C-MAX,6
FORD,CMAX,6
FORD,CROWN VICTORIA,6
FORD,ECOSP,3
FORD,EDGE,3
FORD,ESCA,4
FORD,EXPE,2
FORD,EXPEDITION E,2
FORD,EXPEDITION M,2
FORD,EXPL,1
FORD,EXCU,6
FORD,FLEX,5
FORD,F-1,1
FORD,F-2,8
FORD,F-S,1
FORD,F-3,8
FORD,F-6,6
FORD,F15,1
FORD,F25,8
FORD,F35,8
FORD,F45,6
FORD,F55,6
FORD,F65,6
FORD,FIES,5
FORD,FIVE,5
FORD,FOCUS ELEC,9
FORD,FOCUS,5
FORD,FREES,6
FORD,FUSION,5
FORD,MAVER,2
FORD,MEDIUM DUTY,8
FORD,MUST,5
FORD,POLI,6
FORD,TAUR,5
FORD,RANG,3
FORD,THUN,6
FORD,SUP F-1,1
FORD,SUP F-2,8
FORD,SUP F-3,8
FORD,SUP F-4,6
FORD,SUP F-5,6
FORD,MED VANS,8
FORD,TRANS 150,8
FORD,TRANS 250,8
FORD,TRANS 350,8
FORD,T150,8
FORD,T250,8
FORD,T350,8
FORD,TRANSIT,8
FORD,TRANSIT CON,8
FORD,TRANSIT PAS,8
FORD,TRANS CAR,8
FORD,TRANS COM,8
FORD,TRANS CUT,8
FORD,TRANS VAN,8
FORD,TRANS WAGON,8
FORD,TRANSIT CON,8
FORD,TRANSIT PAS,8
FORD,E SERIES VAN,8
FORD,E-SERIES,8
FORD,E150,8
FORD,E250,8
FORD,E350,8
FORD,SUPER DUTY,8
FORD,ECONO,8
FORD,COMM,8
FORD,ECONO,8
FORD,WIND,6
FREIGHT,SPRINTER,8
FREIGHT,M2,8
GENESIS,G60,3
GENESIS,G70,4
GENESIS,G80,4
GENESIS,G90,5
GENESIS,GV70,3
GENESIS,GV80,3
GMC,ACAD,2
GMC,ACADIA LI,2
GMC,ARCADIA,2
GMC,CANY,1
GMC,CUBE,8
GMC,DENA,1
GMC,ENVOY,4
GMC,SAVANA P,8
GMC,SAVANA C,8
GMC,G15,8
GMC,G25,8
GMC,G35,8
GMC,TERR,1
GMC,MED VANS,8
GMC,MEDIUM,8
GMC,SAVANA,8
GMC,SIER15,1
GMC,SIERRA,1
GMC,SIERRA15,1
GMC,SIERRA DENALI,1
GMC,SIERRA 15,1
GMC,SIERRA 25,8
GMC,SIERRA 35,8
GMC,SIERRA C1500,1
GMC,SIERRA C3500,8
GMC,SIERRA CLASSIC 15,1
GMC,SIERRA CLASSIC 25,8
GMC,SIERRA CLASSIC 35,8
GMC,YUKO,1
GMC,YUKON XL,1
HARLEY,6
HINO,6
HONDA,CIVIC,1
HONDA,ACCORD CROSS,2
HONDA,ACCORD,2
HONDA,CLARITY,6
HONDA,CROSSTOUR,2
HONDA,CR-V,1
HONDA,CRV,1
HONDA,CR V,1
HONDA,CR-Z,6
HONDA,ELEM,6
HONDA,HR,1
HONDA,FIT,2
HONDA,ODYSS,1
HONDA,PASSP,2
HONDA,PILOT,1
HONDA,RIDGELINE,3
HONDA,S2000,6
HONDA,INSIGHT,6
HUMMER,6
HYUN,ACCE,4
HYUN,AZER,5
HYUN,ELAN,3
HYUN,ENTOU,6
HYUN,EQUU,5
HYUN,GENE,4
HYUN,GENESIS C,3
HYUN,GV80,1
HYUN,IONI,6
HYUN,KONA,3
HYUN,NEXO,6
HYUN,PALI,1
HYUN,SANT,1
HYUN,SANT SPORT,1
HYUN,SONA,2
HYUN,TIBU,6
HYUN,TUCS,2
HYUN,VELO,4
HYUN,VENUE,3
HYUN,VERA,5
HYUN,XG350,6
INFIN,EX,6
INFIN,FX,6
INFIN,G,6
INFIN,G25,6
INFIN,G37,6
INFIN,JX,5
INFIN,JX35,6
INFIN,M,4
INFIN,Q40,6
INFIN,Q45,4
INFIN,Q50,3
INFIN,Q60,4
INFIN,Q70,6
INFIN,Q80,6
INFIN,QX,2
INFIN,QX30,5
INFIN,QX50,3
INFIN,QX56,3
INFIN,QX60,2
INFIN,QX70,3
INFIN,QX80,7
ISUZU,6
JAGUAR,6
JEEP,CHER,2
JEEP,COMM,6
JEEP,COMP,4
JEEP,GLAD,3
JEEP,GRAN,1
JEEP,LIBE,6
JEEP,PATR,5
JEEP,RENE,4
JEEP,WAGO,1
JEEP,WRAN,1
JEEP,RUBI,1
JEEP,NEW COMPASS,3
JEEP,NEW WRANGLER,1
KIA,BORR,6
KIA,CADE,5
KIA,CARNI,3
KIA,EV6,6
KIA,EV9,9
KIA,FORT,2
KIA,FORT KOUP,2
KIA,K5,3
KIA,K 5,3
KIA,K900,5
KIA,NIRO,3
KIA,OPTI,5
KIA,RIO,4
KIA,RONDO,5
KIA,SEDO,3
KIA,SELTOS,3
KIA,SORE,2
KIA,SOUL,4
KIA,SPEC,6
KIA,SPOR,2
KIA,STIN,3
KIA,TELL,1
LAMBORGHINI,6
LAND,DEFENDER,6
LAND,DISCOVERY,6
LAND,DISCOVERY SPORT,6
LAND,EVOQUE,6
LAND,LR4,6
LAND,LR2,6
LAND,RANGE ROVER,6
LAND,RANGE ROVER EVOQUE,6
LAND,RANGE ROVER SPORT,6
LAND,RANGE ROVER VELAR,6
LEX,ES,3
LEX,GS,6
LEX,GS F,6
LEX,GX,7
LEX,GX460,7
LEX,GX470,7
LEX,CT,6
LEX,HS,3
LEX,IS,2
LEX,IS F,6
LEX,IS 200T,2
LEX,IS25,3
LEX,IS 2,3
LEX,IS30,2
LEX,IS 30,2
LEX,IS35,2
LEX,IS 35,2
LEX,LC,6
LEX,LS,6
LEX,LS 4,6
LEX,LS4,6
LEX,LS 5,6
LEX,LS5,6
LEX,LS 6,6
LEX,LS6,6
LEX,LX,7
LEX,LX 5,7
LEX,NX,2
LEX,RC,2
LEX,RC 35,2
LEX,RC F,6
LEX,RC 200T,2
LEX,RX,2
LEX,RX 450H,3
LEX,RX 350L,2
LEX,RX450H,3
LEX,RX350L,2
LEX,RZ,9
LEX,SC,6
LEX,TX,3
LEX,UX,2
LINC,AVIA,1
LINC,CORSA,2
LINC,LS,6
LINC,MARK,6
LINC,MKC,4
LINC,MKS,5
LINC,MKT,4
LINC,MKX,5
LINC,MKZ,5
LINC,NAVIGATOR L,3
LINC,NAVI,3
LINC,NAUT,3
LINC,CONT,5
LINC,TOWN,5
LOTUS,6
MASERATI,6
MAZDA,6,4
MAZDA,5,4
MAZDA,3,4
MAZDA,2,3
MAZDA,CX-3,2
MAZDA,CX-5,2
MAZDA,CX 5,3
MAZDA,CX-7,2
MAZDA,CX-9,2
MAZDA,CX 3,2
MAZDA,CX 7,2
MAZDA,CX9,2
MAZDA,CX 9,2
MAZDA,MIATA,6
MAZDA,RX-8,6
MAZDA,TRIBUTE,5
MAZDA,S2000,6
MCLAREN,6
MERCED,A220,7
MERCED,S CLASS,6
MERCED,S-CLASS,6
MERCED,S4,6
MERCED,S5,6
MERCED,S6,6
MERCED,SL,6
MERCED,SLC,6
MERCED,SLK,6
MERCED,SLK CL,6
MERCED,SL CLASS,6
MERCED,A-CL,7
MERCED,A CL,7
MERCED,B-CL,7
MERCED,B CL,7
MERCED,C-CL,7
MERCED,C CL,7
MERCED,C2,7
MERCED,C 2,7
MERCED,C3,7
MERCED,C 3,7
MERCED,C4,6
MERCED,C6,6
MERCED,CL5,6
MERCED,CL6,6
MERCED,CL-CLASS,7
MERCED,CL CLASS,7
MERCED,CLA 2,7
MERCED,CLA25,7
MERCED,CLA45,7
MERCED,CLA,7
MERCED,CLA CLASS,7
MERCED,CLA-CLASS,7
MERCED,CLK-CLASS,6
MERCED,CLK3,6
MERCED,CLK4,6
MERCED,CLK5,6
MERCED,CLS-CLASS,6
MERCED,CLS CLASS,6
MERCED,CLS4,6
MERCED,CLS,7
MERCED,CLS5,6
MERCED,CLS6,6
MERCED,E 3,6
MERCED,E2,6
MERCED,E3,6
MERCED,E4,6
MERCED,E5,6
MERCED,E6,6
MERCED,EC,6
MERCED,E CLASS,6
MERCED,E-CLASS,6
MERCED,G CLASS,6
MERCED,G-CLASS,6
MERCED,GL CL,7
MERCED,GL-CL,7
MERCED,GL,7
MERCED,GL4,7
MERCED,GLA,7
MERCED,GLA CLASS,7
MERCED,GLC,7
MERCED,GLE,6
MERCED,GLK,6
MERCED,GLS,6
MERCED,G55,6
MERCED,M CLASS,6
MERCED,M-CLASS,6
MERCED,ML,6
MERCED,METRIS,8
MERCED,SPRINT,8
MERCED,C,7
MERCED,M,6
MERCURY,GRAND MA,6
MERCURY,MARAU,6
MERCURY,MARI,6
MERCURY,MILAN,6
MERCURY,MOUNT,6
MINI,CLUBMAN,5
MINI,CC,5
MINI,CONVERTIBLE,5
MINI,ROADSTER,5
MINI,COUNTRYMAN,5
MINI,PACEMAN,5
MINI,HARDTOP,5
MINI,COUPE,5
MINI,COOPER S,5
MINI,COOPER,5
MINI,4 CYL,5
MINI,WAGON,5
MITSU,ECLIPSE CROSS,2
MITSU,ECLI,6
MITSU,ENDE,6
MITSU,GALA,6
MITSU,LANC,5
MITSU,MIRAGE,5
MITSU,MIRAGE G4,5
MITSU,MIRA,4
MITSU,OUTLANDER SPORT,2
MITSU,OUTL,2
MITSU,I,6
NISS,ARIYA,9
NISS,Z,6
NISS,350,6
NISS,370,6
NISS,ALTI,5
NISS,ARMA,3
NISS,CUBE,6
NISS,FRON,1
NISS,GT-R,6
NISS,JUKE,4
NISS,KICK,2
NISS,LEAF,9
NISS,MAXI,4
NISS,MURA,2
NISS,CROSSCABRIOLET,3
NISS,PATH,2
NISS,QUES,6
NISS,ROGU,2
NISS,ROGUE SPO,2
NISS,ROGUE SEL,2
NISS,ROU,2
NISS,SENTR,4
NISS,TITA,1
NISS,XD,1
NISS,TRU,1
NISS,VERS,4
NISS,NOTE,4
NISS,XTER,6
NISS,NISS NV,8
NISS,NV,8
NISS,NV200,8
NISS,NV 200,8
NISS,NV 1500,8
NISS,CARGO,8
NISS,PASSE,8
NISS,NV35,8
NISS,NV 25,8
NISS,NVP,8
PONTIAC,6
PORSCHE,6
RAM,1500,1
RAM,2500,8
RAM,3500,8
RAM,4500,6
RAM,5500,6
RAM,DAKOT,5
RAM,RAM 1500,1
RAM,PROMASTER,8
RAM,RAM PI,1
RAM,RAM CH,1
RAM,RAM SR,1
RAM,RAM150,1
RAM,RAM 15,1
RAM,RAM 25,8
RAM,RAM 35,8
RAM,RAM 55,6
RAM,RAM VAN 15,8
RAM,RAM VAN 25,8
RAM,RAM VAN 35,8
RAM,RAM CARGO VAN-V6,8
RAM,RAM VAN,8
RAM,PROMASTER,8
RAM,CARGO VAN,8
RAM,TRADES,8
ROLLS,6
SAAB,6
SATURN,6
SCION,FR,6
SCION,IA,5
SCION,IM,5
SCION,IQ,6
SCION,TC,5
SCION,XA,6
SCION,XB,5
SCION,XD,6
SMART,6
SUB,ASCE,2
SUB,CROSS,2
SUB,XV CROSS,2
SUB,TRIBEC,4
SUB,BRZ,6
SUB,BAJA,6
SUB,FORES,3
SUB,IMPREZ,4
SUB,LEGAC,3
SUB,SOLT,9
SUB,OUTB,1
SUB,WRX,4
SUZUKI,6
TESLA,9
TOYO,4RUNN,1
TOYO,86,6
TOYO,AVAL,6
TOYO,BZ4X,9
TOYO,C-HR,1
TOYO,CAMR,1
TOYO,CELI,6
TOYO,CHR,1
TOYO,CORO,1
TOYO,COROLLA IM,1
TOYO,CROWN,3
TOYO,FJ,2
TOYO,GR SUPRA,6
TOYO,HIGH,1
TOYO,LAND C,1
TOYO,MATR,6
TOYO,MIRAI,6
TOYO,MR2,6
TOYO,PRIUS,2
TOYO,RAV 4,1
TOYO,RAV4,1
TOYO,SEQU,1
TOYO,SIEN,1
TOYO,TACO,1
TOYO,TUND,1
TOYO,VENZ,3
TOYO,YARI,2
VOLKSW,ARTE,3
VOLKSW,ATLA,1
VOLKSW,BEET,3
VOLKSW,CC,5
VOLKSW,EOS,6
VOLKSW,GLI,4
VOLKSW,GOLF,3
VOLKSW,GOLF ALL,2
VOLKSW,GOLF R,3
VOLKSW,GTI,3
VOLKSW,ID.4,3
VOLKSW,JET,3
VOLKSW,PASS,4
VOLKSW,R32,6
VOLKSW,RABB,5
VOLKSW,ROUT,4
VOLKSW,TAOS,4
VOLKSW,TIGU,3
VOLKSW,TIGUAN L,3
VOLKSW,TOU,4
VW,JETTA,4
VW,PASS,5
VW,TIGU,3
VOLVO,C30,5
VOLVO,C70,5
VOLVO,S40,5
VOLVO,S60,4
VOLVO,S80,5
VOLVO,S90,3
VOLVO,V50,5
VOLVO,V60,3
VOLVO,V70,5
VOLVO,V90,5
VOLVO,XC40,3
VOLVO,XC60,3
VOLVO,XC70,3
VOLVO,XC90,3
